CCAA,fecha,casos,IA,UCI,muertes,Hospitalizados,curados,nuevos
Andalucía,2020-03-02,12.0,,,,,,
Andalucía,2020-03-03,13.0,0.15,,,,,1.0
Andalucía,2020-03-04,13.0,0.15,1.0,,,,0.0
Andalucía,2020-03-05,12.0,0.14,1.0,0,,,-1.0
Andalucía,2020-03-06,21.0,0.25,1.0,0,,,9.0
Andalucía,2020-03-07,,,,,,,
Andalucía,2020-03-08,,,,,,,
Andalucía,2020-03-09,54.0,0.64,1.0,0,,,33.0
Andalucía,2020-03-10,71.0,0.84,1.0,0,,,17.0
Andalucía,2020-03-11,90.0,1.07,3.0,0,,,19.0
Andalucía,2020-03-12,115.0,1.35,4.0,0,,,25.0
Andalucía,2020-03-13,219.0,2.53,8.0,0,,,104.0
Andalucía,2020-03-14,269.0,3.83,9.0,2,,,50.0
Andalucía,2020-03-15,437.0,5.14,10.0,6,,,168.0
Andalucía,2020-03-16,554.0,6.44,11.0,7,,,117.0
Andalucía,2020-03-17,683.0,7.97,13.0,11,,,129.0
Andalucía,2020-03-18,859.0,10.07,21.0,19,,,176.0
Andalucía,2020-03-19,1008.0,11.84,25.0,23,,,149.0
Andalucía,2020-03-20,1287.0,15.05,38.0,30,,,279.0
Andalucía,2020-03-21,1515.0,17.68,53.0,40,605.0,,228.0
Andalucía,2020-03-22,1725.0,20.1,55.0,47,724.0,,210.0
Andalucía,2020-03-23,1961.0,22.66,77.0,58,865.0,50.0,236.0
Andalucía,2020-03-24,2471.0,28.52,102.0,87,1132.0,66.0,510.0
Andalucía,2020-03-25,3010.0,34.57,116.0,113,1433.0,71.0,539.0
Andalucía,2020-03-26,3406.0,38.96,134.0,134,1626.0,77.0,396.0
Andalucía,2020-03-27,3793.0,42.48,148.0,144,1843.0,92.0,387.0
Andalucía,2020-03-28,4277.0,47.63,172.0,175,2106.0,139.0,484.0
Andalucía,2020-03-29,4682.0,50.45,201.0,207,2294.0,148.0,405.0
Andalucía,2020-03-30,5405.0,57.65,216.0,236,2671.0,155.0,723.0
Andalucía,2020-03-31,5818.0,61.03,235.0,248,2867.0,160.0,413.0
Andalucía,2020-04-01,6392.0,65.76,260.0,308,3147.0,182.0,574.0
Andalucía,2020-04-02,6972.0,70.88,280.0,343,3444.0,228.0,580.0
Andalucía,2020-04-03,7374.0,72.34,338.0,376,3673.0,258.0,402.0
Andalucía,2020-04-04,7869.0,75.51,364.0,426,3896.0,463.0,495.0
Andalucía,2020-04-05,8301.0,78.15,474.0,470,4107.0,665.0,432.0
Andalucía,2020-04-06,8581.0,78.68,489.0,491,4227.0,798.0,280.0
Andalucía,2020-04-07,8767.0,74.83,499.0,528,4335.0,900.0,186.0
Andalucía,2020-04-08,8997.0,71.15,520.0,605,4463.0,1041.0,230.0
Andalucía,2020-04-09,9261.0,69.58,538.0,652,4599.0,1193.0,264.0
Andalucía,2020-04-10,9510.0,67.94,582.0,691,4715.0,1437.0,249.0
Andalucía,2020-04-11,9712.0,64.59,602.0,737,4808.0,1630.0,202.0
Andalucía,2020-04-12,10006.0,63.27,619.0,799,4950.0,1838.0,294.0
Andalucía,2020-04-13,10187.0,56.83,621.0,815,4993.0,1967.0,181.0
Andalucía,2020-04-14,10192.0,51.98,631.0,836,5054.0,2032.0,5.0
Andalucía,2020-04-15,10595.0,49.95,665.0,865,5147.0,2224.0,403.0
Andalucía,2020-04-16,10807.0,45.58,671.0,912,5226.0,2634.0,212.0
Aragón,2020-03-02,0.0,,,,,,
Aragón,2020-03-03,0.0,0.0,,,,,0.0
Aragón,2020-03-04,0.0,0.0,,,,,0.0
Aragón,2020-03-05,1.0,0.08,1.0,0.0,,,1.0
Aragón,2020-03-06,6.0,0.45,1.0,1.0,,,5.0
Aragón,2020-03-07,,,,,,,
Aragón,2020-03-08,,,,,,,
Aragón,2020-03-09,13.0,0.99,1.0,1.0,,,7.0
Aragón,2020-03-10,38.0,2.88,3.0,3.0,,,25.0
Aragón,2020-03-11,45.0,3.41,3.0,4.0,,,7.0
Aragón,2020-03-12,64.0,4.85,3.0,6.0,,,19.0
Aragón,2020-03-13,80.0,6.06,3.0,7.0,,,16.0
Aragón,2020-03-14,80.0,8.44,4.0,7.0,,,0.0
Aragón,2020-03-15,147.0,10.81,6.0,7.0,,,67.0
Aragón,2020-03-16,174.0,13.19,7.0,11.0,,,27.0
Aragón,2020-03-17,207.0,15.69,9.0,12.0,,,33.0
Aragón,2020-03-18,226.0,17.13,9.0,13.0,,,19.0
Aragón,2020-03-19,281.0,21.22,14.0,15.0,,,55.0
Aragón,2020-03-20,360.0,26.83,28.0,17.0,,,79.0
Aragón,2020-03-21,424.0,31.3,33.0,22.0,192.0,,64.0
Aragón,2020-03-22,532.0,39.49,45.0,24.0,241.0,,108.0
Aragón,2020-03-23,638.0,47.37,52.0,32.0,298.0,3.0,106.0
Aragón,2020-03-24,758.0,54.57,66.0,37.0,384.0,3.0,120.0
Aragón,2020-03-25,907.0,65.09,75.0,40.0,459.0,4.0,149.0
Aragón,2020-03-26,1116.0,79.43,93.0,48.0,562.0,4.0,209.0
Aragón,2020-03-27,1338.0,95.35,114.0,58.0,693.0,8.0,222.0
Aragón,2020-03-28,1592.0,111.5,124.0,58.0,835.0,8.0,254.0
Aragón,2020-03-29,1858.0,129.69,124.0,93.0,835.0,8.0,266.0
Aragón,2020-03-30,2078.0,144.32,156.0,106.0,1094.0,174.0,220.0
Aragón,2020-03-31,2272.0,156.52,165.0,138.0,1176.0,204.0,194.0
Aragón,2020-04-01,2491.0,171.68,168.0,169.0,1234.0,257.0,219.0
Aragón,2020-04-02,2700.0,183.36,178.0,200.0,1320.0,320.0,209.0
Aragón,2020-04-03,2889.0,191.69,180.0,224.0,1431.0,378.0,189.0
Aragón,2020-04-04,3078.0,201.17,190.0,251.0,1505.0,440.0,189.0
Aragón,2020-04-05,3232.0,204.66,233.0,270.0,1588.0,537.0,154.0
Aragón,2020-04-06,3347.0,205.34,237.0,284.0,1637.0,565.0,115.0
Aragón,2020-04-07,3449.0,203.97,247.0,312.0,1663.0,578.0,102.0
Aragón,2020-04-08,3549.0,200.26,255.0,349.0,1716.0,659.0,100.0
Aragón,2020-04-09,3685.0,194.73,261.0,385.0,1765.0,718.0,136.0
Aragón,2020-04-10,3831.0,188.97,263.0,409.0,1822.0,797.0,146.0
Aragón,2020-04-11,3969.0,180.17,266.0,425.0,1860.0,888.0,138.0
Aragón,2020-04-12,4070.0,167.67,272.0,450.0,1901.0,934.0,101.0
Aragón,2020-04-13,4187.0,159.86,274.0,464.0,1938.0,946.0,117.0
Aragón,2020-04-14,4245.0,149.55,280.0,492.0,1966.0,963.0,58.0
Aragón,2020-04-15,4338.0,140.0,282.0,514.0,2006.0,1012.0,93.0
Aragón,2020-04-16,4566.0,141.44,291.0,543.0,2108.0,1087.0,228.0
Asturias,2020-03-02,1.0,,,,,,
Asturias,2020-03-03,1.0,0.1,,,,,0.0
Asturias,2020-03-04,2.0,0.2,1.0,,,,1.0
Asturias,2020-03-05,5.0,0.49,2.0,0.0,,,3.0
Asturias,2020-03-06,5.0,0.49,2.0,0.0,,,0.0
Asturias,2020-03-07,,,,,,,
Asturias,2020-03-08,,,,,,,
Asturias,2020-03-09,7.0,0.68,2.0,0.0,,,2.0
Asturias,2020-03-10,22.0,2.15,2.0,0.0,,,15.0
Asturias,2020-03-11,32.0,3.13,2.0,0.0,,,10.0
Asturias,2020-03-12,47.0,4.6,2.0,1.0,,,15.0
Asturias,2020-03-13,67.0,6.55,2.0,1.0,,,20.0
Asturias,2020-03-14,92.0,10.1,2.0,1.0,,,25.0
Asturias,2020-03-15,137.0,13.66,3.0,1.0,,,45.0
Asturias,2020-03-16,177.0,17.21,3.0,1.0,,,40.0
Asturias,2020-03-17,193.0,18.77,5.0,1.0,,,16.0
Asturias,2020-03-18,242.0,23.46,5.0,1.0,,,49.0
Asturias,2020-03-19,292.0,28.06,6.0,1.0,,,50.0
Asturias,2020-03-20,344.0,33.14,7.0,2.0,,,52.0
Asturias,2020-03-21,486.0,47.03,12.0,5.0,133.0,,142.0
Asturias,2020-03-22,545.0,52.6,15.0,8.0,171.0,,59.0
Asturias,2020-03-23,594.0,57.39,22.0,12.0,194.0,21.0,49.0
Asturias,2020-03-24,662.0,62.57,23.0,22.0,224.0,30.0,68.0
Asturias,2020-03-25,779.0,73.24,29.0,25.0,263.0,35.0,117.0
Asturias,2020-03-26,841.0,77.84,34.0,27.0,300.0,40.0,62.0
Asturias,2020-03-27,900.0,81.44,47.0,29.0,339.0,52.0,59.0
Asturias,2020-03-28,1004.0,89.17,50.0,33.0,408.0,65.0,104.0
Asturias,2020-03-29,1088.0,92.98,57.0,41.0,466.0,76.0,84.0
Asturias,2020-03-30,1158.0,95.91,60.0,49.0,479.0,78.0,70.0
Asturias,2020-03-31,1236.0,101.97,65.0,55.0,529.0,90.0,78.0
Asturias,2020-04-01,1322.0,105.59,76.0,63.0,590.0,109.0,86.0
Asturias,2020-04-02,1384.0,106.77,79.0,69.0,640.0,135.0,62.0
Asturias,2020-04-03,1433.0,106.47,86.0,70.0,702.0,154.0,49.0
Asturias,2020-04-04,1522.0,101.29,87.0,76.0,766.0,190.0,89.0
Asturias,2020-04-05,1605.0,103.64,90.0,80.0,808.0,216.0,83.0
Asturias,2020-04-06,1646.0,102.85,90.0,86.0,846.0,222.0,41.0
Asturias,2020-04-07,1679.0,99.43,91.0,96.0,889.0,244.0,33.0
Asturias,2020-04-08,1705.0,90.54,91.0,102.0,958.0,294.0,26.0
Asturias,2020-04-09,1737.0,87.6,94.0,110.0,1018.0,340.0,32.0
Asturias,2020-04-10,1799.0,87.9,100.0,121.0,1083.0,372.0,62.0
Asturias,2020-04-11,1827.0,80.47,105.0,128.0,1147.0,414.0,28.0
Asturias,2020-04-12,1892.0,78.61,106.0,140.0,1208.0,430.0,65.0
Asturias,2020-04-13,1958.0,78.22,110.0,149.0,1265.0,434.0,66.0
Asturias,2020-04-14,2051.0,79.68,111.0,156.0,1330.0,458.0,93.0
Asturias,2020-04-15,2096.0,75.67,114.0,166.0,1387.0,487.0,45.0
Asturias,2020-04-16,2170.0,76.85,116.0,168.0,1432.0,522.0,74.0
Baleares,2020-03-02,2.0,,,,,,
Baleares,2020-03-03,2.0,0.17,,,,,0.0
Baleares,2020-03-04,5.0,0.43,,,,,3.0
Baleares,2020-03-05,6.0,0.52,0.0,0.0,,,1.0
Baleares,2020-03-06,6.0,0.52,0.0,0.0,,,0.0
Baleares,2020-03-07,,,,,,,
Baleares,2020-03-08,,,,,,,
Baleares,2020-03-09,11.0,0.96,0.0,0.0,,,5.0
Baleares,2020-03-10,13.0,1.13,1.0,0.0,,,2.0
Baleares,2020-03-11,16.0,1.39,1.0,0.0,,,3.0
Baleares,2020-03-12,22.0,1.83,2.0,1.0,,,6.0
Baleares,2020-03-13,30.0,2.52,2.0,1.0,,,8.0
Baleares,2020-03-14,28.0,3.74,3.0,1.0,,,-2.0
Baleares,2020-03-15,28.0,4.96,3.0,1.0,,,0.0
Baleares,2020-03-16,73.0,6.18,4.0,1.0,,,45.0
Baleares,2020-03-17,92.0,7.83,4.0,1.0,,,19.0
Baleares,2020-03-18,112.0,9.31,4.0,1.0,,,20.0
Baleares,2020-03-19,169.0,14.18,7.0,2.0,,,57.0
Baleares,2020-03-20,203.0,17.14,10.0,2.0,,,34.0
Baleares,2020-03-21,246.0,20.88,14.0,4.0,60.0,,43.0
Baleares,2020-03-22,331.0,28.1,14.0,4.0,79.0,,85.0
Baleares,2020-03-23,400.0,33.84,27.0,10.0,87.0,18.0,69.0
Baleares,2020-03-24,478.0,40.45,35.0,10.0,127.0,19.0,78.0
Baleares,2020-03-25,562.0,45.55,40.0,13.0,164.0,28.0,84.0
Baleares,2020-03-26,660.0,53.23,43.0,17.0,205.0,39.0,98.0
Baleares,2020-03-27,755.0,63.25,46.0,22.0,237.0,67.0,95.0
Baleares,2020-03-28,862.0,72.56,59.0,26.0,283.0,80.0,107.0
Baleares,2020-03-29,958.0,79.69,71.0,29.0,345.0,82.0,96.0
Baleares,2020-03-30,1000.0,80.65,80.0,37.0,353.0,100.0,42.0
Baleares,2020-03-31,1069.0,85.0,85.0,42.0,399.0,111.0,69.0
Baleares,2020-04-01,1131.0,88.65,95.0,46.0,468.0,170.0,62.0
Baleares,2020-04-02,1204.0,90.04,105.0,58.0,517.0,239.0,73.0
Baleares,2020-04-03,1257.0,91.7,112.0,69.0,587.0,375.0,53.0
Baleares,2020-04-04,1271.0,89.17,114.0,71.0,634.0,422.0,14.0
Baleares,2020-04-05,1293.0,83.69,120.0,75.0,664.0,461.0,22.0
Baleares,2020-04-06,1320.0,80.04,121.0,81.0,683.0,531.0,27.0
Baleares,2020-04-07,1369.0,77.51,124.0,84.0,705.0,537.0,49.0
Baleares,2020-04-08,1412.0,73.95,129.0,89.0,731.0,616.0,43.0
Baleares,2020-04-09,1448.0,68.55,132.0,89.0,751.0,696.0,36.0
Baleares,2020-04-10,1488.0,63.77,136.0,97.0,777.0,737.0,40.0
Baleares,2020-04-11,1507.0,56.11,137.0,102.0,778.0,757.0,19.0
Baleares,2020-04-12,1534.0,50.11,142.0,112.0,805.0,848.0,27.0
Baleares,2020-04-13,1550.0,47.85,143.0,117.0,811.0,862.0,16.0
Baleares,2020-04-14,1571.0,43.67,145.0,118.0,826.0,871.0,21.0
Baleares,2020-04-15,1606.0,41.32,149.0,125.0,857.0,881.0,35.0
Baleares,2020-04-16,1637.0,37.67,152.0,131.0,872.0,918.0,31.0
CValenciana,2020-03-02,15.0,,,,,,
CValenciana,2020-03-03,15.0,0.3,,,,,0.0
CValenciana,2020-03-04,19.0,0.38,,,,,4.0
CValenciana,2020-03-05,19.0,0.38,0.0,1.0,,,0.0
CValenciana,2020-03-06,30.0,0.6,1.0,1.0,,,11.0
CValenciana,2020-03-07,,,,,,,
CValenciana,2020-03-08,,,,,,,
CValenciana,2020-03-09,37.0,0.74,1.0,1.0,,,7.0
CValenciana,2020-03-10,50.0,1.0,1.0,1.0,,,13.0
CValenciana,2020-03-11,65.0,1.28,1.0,1.0,,,15.0
CValenciana,2020-03-12,76.0,1.48,2.0,1.0,,,11.0
CValenciana,2020-03-13,94.0,1.72,2.0,1.0,,,18.0
CValenciana,2020-03-14,130.0,3.77,3.0,4.0,,,36.0
CValenciana,2020-03-15,409.0,5.82,3.0,5.0,,,279.0
CValenciana,2020-03-16,409.0,7.87,4.0,5.0,,,0.0
CValenciana,2020-03-17,541.0,10.51,27.0,13.0,,,132.0
CValenciana,2020-03-18,726.0,14.13,40.0,22.0,,,185.0
CValenciana,2020-03-19,921.0,18.03,52.0,24.0,,,195.0
CValenciana,2020-03-20,1105.0,21.48,71.0,33.0,,,184.0
CValenciana,2020-03-21,1363.0,26.64,84.0,50.0,476.0,,258.0
CValenciana,2020-03-22,1604.0,31.32,113.0,69.0,590.0,,241.0
CValenciana,2020-03-23,1901.0,37.25,138.0,94.0,702.0,36.0,297.0
CValenciana,2020-03-24,2167.0,42.31,161.0,115.0,917.0,37.0,266.0
CValenciana,2020-03-25,2616.0,51.03,198.0,143.0,1071.0,44.0,449.0
CValenciana,2020-03-26,3200.0,62.5,230.0,167.0,1278.0,57.0,584.0
CValenciana,2020-03-27,3532.0,68.71,252.0,198.0,1422.0,73.0,332.0
CValenciana,2020-03-28,4034.0,78.02,282.0,234.0,1694.0,92.0,502.0
CValenciana,2020-03-29,4784.0,87.43,309.0,267.0,1874.0,161.0,750.0
CValenciana,2020-03-30,5110.0,93.95,336.0,310.0,2042.0,185.0,326.0
CValenciana,2020-03-31,5508.0,99.27,356.0,339.0,2189.0,200.0,398.0
CValenciana,2020-04-01,5922.0,103.84,365.0,395.0,2189.0,240.0,414.0
CValenciana,2020-04-02,6308.0,107.66,379.0,443.0,2189.0,432.0,386.0
CValenciana,2020-04-03,6624.0,110.3,386.0,511.0,2064.0,592.0,316.0
CValenciana,2020-04-04,6901.0,110.68,386.0,571.0,1977.0,695.0,277.0
CValenciana,2020-04-05,7184.0,111.52,381.0,613.0,1901.0,812.0,283.0
CValenciana,2020-04-06,7334.0,108.58,384.0,637.0,1909.0,930.0,150.0
CValenciana,2020-04-07,7443.0,105.44,384.0,672.0,1887.0,1103.0,109.0
CValenciana,2020-04-08,7655.0,100.7,371.0,724.0,1714.0,1344.0,212.0
CValenciana,2020-04-09,7964.0,95.21,541.0,767.0,3815.0,1772.0,309.0
CValenciana,2020-04-10,8331.0,95.91,561.0,796.0,3987.0,2085.0,367.0
CValenciana,2020-04-11,8578.0,90.81,565.0,818.0,4132.0,2289.0,247.0
CValenciana,2020-04-12,8841.0,81.08,567.0,838.0,4149.0,2624.0,263.0
CValenciana,2020-04-13,9060.0,78.94,576.0,876.0,4269.0,2803.0,219.0
CValenciana,2020-04-14,9213.0,74.04,581.0,907.0,4397.0,3069.0,153.0
CValenciana,2020-04-15,9424.0,69.99,588.0,945.0,4465.0,3360.0,211.0
CValenciana,2020-04-16,9615.0,66.09,625.0,972.0,4524.0,3702.0,191.0
Canarias,2020-03-02,7.0,,,,,,
Canarias,2020-03-03,7.0,0.33,,,,,0.0
Canarias,2020-03-04,7.0,0.33,,,,,0.0
Canarias,2020-03-05,8.0,0.37,0.0,0.0,,,1.0
Canarias,2020-03-06,11.0,0.51,0.0,0.0,,,3.0
Canarias,2020-03-07,,,,,,,
Canarias,2020-03-08,,,,,,,
Canarias,2020-03-09,22.0,1.02,0.0,0.0,,,11.0
Canarias,2020-03-10,25.0,1.16,1.0,0.0,,,3.0
Canarias,2020-03-11,37.0,1.49,1.0,0.0,,,12.0
Canarias,2020-03-12,51.0,2.09,3.0,0.0,,,14.0
Canarias,2020-03-13,70.0,2.97,2.0,0.0,,,19.0
Canarias,2020-03-14,90.0,3.71,4.0,1.0,,,20.0
Canarias,2020-03-15,109.0,4.46,7.0,1.0,,,19.0
Canarias,2020-03-16,119.0,5.2,9.0,1.0,,,10.0
Canarias,2020-03-17,148.0,6.55,13.0,2.0,,,29.0
Canarias,2020-03-18,181.0,8.08,17.0,3.0,,,33.0
Canarias,2020-03-19,220.0,9.84,23.0,3.0,,,39.0
Canarias,2020-03-20,287.0,12.82,25.0,4.0,,,67.0
Canarias,2020-03-21,348.0,15.65,29.0,7.0,139.0,,61.0
Canarias,2020-03-22,414.0,18.44,32.0,9.0,150.0,,66.0
Canarias,2020-03-23,481.0,21.32,32.0,11.0,172.0,7.0,67.0
Canarias,2020-03-24,557.0,24.71,36.0,16.0,207.0,8.0,76.0
Canarias,2020-03-25,657.0,27.92,43.0,21.0,235.0,15.0,100.0
Canarias,2020-03-26,784.0,33.01,45.0,24.0,279.0,18.0,127.0
Canarias,2020-03-27,878.0,37.52,61.0,27.0,328.0,20.0,94.0
Canarias,2020-03-28,1025.0,43.42,68.0,36.0,377.0,25.0,147.0
Canarias,2020-03-29,1125.0,47.18,78.0,39.0,425.0,30.0,100.0
Canarias,2020-03-30,1204.0,50.39,84.0,40.0,444.0,32.0,79.0
Canarias,2020-03-31,1262.0,51.73,94.0,55.0,483.0,57.0,58.0
Canarias,2020-04-01,1380.0,55.68,110.0,62.0,532.0,77.0,118.0
Canarias,2020-04-02,1444.0,56.84,113.0,68.0,566.0,94.0,64.0
Canarias,2020-04-03,1490.0,55.87,120.0,73.0,605.0,102.0,46.0
Canarias,2020-04-04,1564.0,56.47,128.0,78.0,632.0,123.0,74.0
Canarias,2020-04-05,1622.0,56.1,129.0,80.0,644.0,137.0,58.0
Canarias,2020-04-06,1649.0,54.24,133.0,85.0,651.0,157.0,27.0
Canarias,2020-04-07,1725.0,54.24,137.0,89.0,689.0,186.0,76.0
Canarias,2020-04-08,1762.0,51.31,138.0,91.0,703.0,249.0,37.0
Canarias,2020-04-09,1834.0,48.76,140.0,92.0,730.0,359.0,72.0
Canarias,2020-04-10,1858.0,45.51,141.0,94.0,738.0,386.0,24.0
Canarias,2020-04-11,1887.0,40.03,144.0,95.0,745.0,432.0,29.0
Canarias,2020-04-12,1918.0,36.83,144.0,95.0,758.0,447.0,31.0
Canarias,2020-04-13,1944.0,34.36,145.0,96.0,763.0,458.0,26.0
Canarias,2020-04-14,1958.0,32.32,147.0,102.0,771.0,589.0,14.0
Canarias,2020-04-15,1975.0,27.63,152.0,104.0,781.0,622.0,17.0
Canarias,2020-04-16,1988.0,25.26,156.0,107.0,802.0,673.0,13.0
Cantabria,2020-03-02,10.0,,,,,,
Cantabria,2020-03-03,10.0,1.72,,,,,0.0
Cantabria,2020-03-04,10.0,1.72,,,,,0.0
Cantabria,2020-03-05,10.0,1.72,0.0,0.0,,,0.0
Cantabria,2020-03-06,10.0,1.72,0.0,0.0,,,0.0
Cantabria,2020-03-07,,,,,,,
Cantabria,2020-03-08,,,,,,,
Cantabria,2020-03-09,12.0,2.07,0.0,0.0,,,2.0
Cantabria,2020-03-10,12.0,2.07,0.0,0.0,,,0.0
Cantabria,2020-03-11,12.0,2.07,0.0,0.0,,,0.0
Cantabria,2020-03-12,16.0,2.75,0.0,0.0,,,4.0
Cantabria,2020-03-13,29.0,4.99,0.0,0.0,,,13.0
Cantabria,2020-03-14,31.0,6.08,1.0,0.0,,,2.0
Cantabria,2020-03-15,51.0,7.17,1.0,0.0,,,20.0
Cantabria,2020-03-16,58.0,8.26,2.0,0.0,,,7.0
Cantabria,2020-03-17,58.0,8.26,2.0,0.0,,,0.0
Cantabria,2020-03-18,68.0,9.98,3.0,1.0,,,10.0
Cantabria,2020-03-19,83.0,12.56,4.0,1.0,,,15.0
Cantabria,2020-03-20,144.0,23.06,7.0,1.0,,,61.0
Cantabria,2020-03-21,215.0,35.28,9.0,2.0,92.0,,71.0
Cantabria,2020-03-22,282.0,46.47,9.0,5.0,116.0,,67.0
Cantabria,2020-03-23,347.0,57.65,14.0,6.0,157.0,11.0,65.0
Cantabria,2020-03-24,425.0,71.07,16.0,9.0,200.0,12.0,78.0
Cantabria,2020-03-25,510.0,85.57,18.0,14.0,241.0,12.0,85.0
Cantabria,2020-03-26,671.0,112.55,26.0,17.0,300.0,14.0,161.0
Cantabria,2020-03-27,810.0,134.41,29.0,21.0,355.0,19.0,139.0
Cantabria,2020-03-28,937.0,155.92,37.0,22.0,406.0,21.0,127.0
Cantabria,2020-03-29,1023.0,167.28,40.0,26.0,449.0,25.0,86.0
Cantabria,2020-03-30,1100.0,179.32,46.0,27.0,481.0,24.0,77.0
Cantabria,2020-03-31,1171.0,191.54,50.0,37.0,522.0,35.0,71.0
Cantabria,2020-04-01,1213.0,197.05,54.0,54.0,543.0,43.0,42.0
Cantabria,2020-04-02,1268.0,203.93,57.0,60.0,567.0,60.0,55.0
Cantabria,2020-04-03,1321.0,202.55,59.0,64.0,592.0,74.0,53.0
Cantabria,2020-04-04,1384.0,201.18,60.0,68.0,619.0,99.0,63.0
Cantabria,2020-04-05,1441.0,199.46,62.0,68.0,639.0,113.0,57.0
Cantabria,2020-04-06,1483.0,195.5,65.0,77.0,658.0,118.0,42.0
Cantabria,2020-04-07,1501.0,185.17,66.0,85.0,677.0,129.0,18.0
Cantabria,2020-04-08,1572.0,182.76,69.0,92.0,700.0,175.0,71.0
Cantabria,2020-04-09,1619.0,163.15,71.0,98.0,720.0,214.0,47.0
Cantabria,2020-04-10,1659.0,146.11,73.0,102.0,747.0,265.0,40.0
Cantabria,2020-04-11,1719.0,134.58,75.0,107.0,773.0,281.0,60.0
Cantabria,2020-04-12,1752.0,125.46,75.0,110.0,805.0,297.0,33.0
Cantabria,2020-04-13,1777.0,116.51,75.0,117.0,827.0,317.0,25.0
Cantabria,2020-04-14,1796.0,107.56,76.0,120.0,853.0,323.0,19.0
Cantabria,2020-04-15,1823.0,104.98,76.0,132.0,873.0,363.0,27.0
Cantabria,2020-04-16,1845.0,99.3,77.0,137.0,890.0,442.0,22.0
CastillaLaMancha,2020-03-02,3.0,,,,,,
CastillaLaMancha,2020-03-03,7.0,0.34,,,,,4.0
CastillaLaMancha,2020-03-04,12.0,0.59,1.0,,,,5.0
CastillaLaMancha,2020-03-05,13.0,0.64,1.0,0.0,,,1.0
CastillaLaMancha,2020-03-06,15.0,0.74,1.0,0.0,,,2.0
CastillaLaMancha,2020-03-07,,,,,,,
CastillaLaMancha,2020-03-08,,,,,,,
CastillaLaMancha,2020-03-09,26.0,1.28,2.0,0.0,,,11.0
CastillaLaMancha,2020-03-10,39.0,1.92,2.0,0.0,,,13.0
CastillaLaMancha,2020-03-11,71.0,3.49,5.0,0.0,,,32.0
CastillaLaMancha,2020-03-12,115.0,5.66,9.0,1.0,,,44.0
CastillaLaMancha,2020-03-13,194.0,9.54,10.0,5.0,,,79.0
CastillaLaMancha,2020-03-14,289.0,15.61,14.0,6.0,,,95.0
CastillaLaMancha,2020-03-15,401.0,21.67,19.0,10.0,,,112.0
CastillaLaMancha,2020-03-16,567.0,27.74,23.0,17.0,,,166.0
CastillaLaMancha,2020-03-17,567.0,27.55,23.0,17.0,,,0.0
CastillaLaMancha,2020-03-18,675.0,32.61,29.0,28.0,,,108.0
CastillaLaMancha,2020-03-19,801.0,38.76,37.0,42.0,,,126.0
CastillaLaMancha,2020-03-20,1044.0,50.62,37.0,62.0,,,243.0
CastillaLaMancha,2020-03-21,1423.0,69.26,65.0,84.0,635.0,,379.0
CastillaLaMancha,2020-03-22,1819.0,88.74,76.0,112.0,838.0,,396.0
CastillaLaMancha,2020-03-23,2078.0,100.94,142.0,145.0,1547.0,51.0,259.0
CastillaLaMancha,2020-03-24,2465.0,119.34,182.0,216.0,1826.0,53.0,387.0
CastillaLaMancha,2020-03-25,2780.0,132.9,210.0,263.0,2162.0,71.0,315.0
CastillaLaMancha,2020-03-26,3383.0,160.32,243.0,316.0,2162.0,95.0,603.0
CastillaLaMancha,2020-03-27,3934.0,183.98,273.0,367.0,2707.0,153.0,551.0
CastillaLaMancha,2020-03-28,4512.0,207.74,289.0,448.0,2977.0,197.0,578.0
CastillaLaMancha,2020-03-29,5246.0,238.33,299.0,539.0,3018.0,236.0,734.0
CastillaLaMancha,2020-03-30,5858.0,260.27,302.0,622.0,3134.0,252.0,612.0
CastillaLaMancha,2020-03-31,6424.0,288.12,344.0,708.0,3225.0,296.0,566.0
CastillaLaMancha,2020-04-01,7047.0,313.45,353.0,774.0,3230.0,397.0,623.0
CastillaLaMancha,2020-04-02,7682.0,338.49,355.0,854.0,3230.0,494.0,635.0
CastillaLaMancha,2020-04-03,8523.0,367.9,355.0,916.0,3168.0,579.0,841.0
CastillaLaMancha,2020-04-04,9324.0,388.66,360.0,989.0,3133.0,657.0,801.0
CastillaLaMancha,2020-04-05,10031.0,403.96,357.0,1055.0,2950.0,1149.0,707.0
CastillaLaMancha,2020-04-06,10602.0,419.31,354.0,1132.0,2901.0,1259.0,571.0
CastillaLaMancha,2020-04-07,11077.0,423.64,360.0,1177.0,2908.0,1353.0,475.0
CastillaLaMancha,2020-04-08,11788.0,443.12,354.0,1255.0,2731.0,1557.0,711.0
CastillaLaMancha,2020-04-09,12489.0,447.94,342.0,1322.0,2575.0,1766.0,701.0
CastillaLaMancha,2020-04-10,13063.0,449.07,329.0,1431.0,2359.0,1982.0,574.0
CastillaLaMancha,2020-04-11,13456.0,439.97,316.0,1483.0,2198.0,2205.0,393.0
CastillaLaMancha,2020-04-12,13698.0,415.77,316.0,1543.0,6838.0,2365.0,242.0
CastillaLaMancha,2020-04-13,14054.0,403.18,475.0,1626.0,7782.0,2532.0,356.0
CastillaLaMancha,2020-04-14,14329.0,388.86,486.0,1714.0,7830.0,2943.0,275.0
CastillaLaMancha,2020-04-15,14680.0,375.48,495.0,1755.0,7896.0,2998.0,351.0
CastillaLaMancha,2020-04-16,15151.0,367.41,503.0,1796.0,7987.0,3378.0,471.0
CastillayLeón,2020-03-02,3.0,,,,,,
CastillayLeón,2020-03-03,8.0,0.33,,,,,5.0
CastillayLeón,2020-03-04,11.0,0.46,1.0,,,,3.0
CastillayLeón,2020-03-05,11.0,0.46,1.0,0.0,,,0.0
CastillayLeón,2020-03-06,14.0,0.58,1.0,0.0,,,3.0
CastillayLeón,2020-03-07,,,,,,,
CastillayLeón,2020-03-08,,,,,,,
CastillayLeón,2020-03-09,23.0,0.96,1.0,0.0,,,9.0
CastillayLeón,2020-03-10,56.0,2.33,2.0,0.0,,,33.0
CastillayLeón,2020-03-11,71.0,2.96,2.0,0.0,,,15.0
CastillayLeón,2020-03-12,92.0,3.83,4.0,0.0,,,21.0
CastillayLeón,2020-03-13,169.0,6.96,8.0,1.0,,,77.0
CastillayLeón,2020-03-14,223.0,9.24,13.0,3.0,,,54.0
CastillayLeón,2020-03-15,292.0,11.51,19.0,6.0,,,69.0
CastillayLeón,2020-03-16,334.0,13.79,24.0,9.0,,,42.0
CastillayLeón,2020-03-17,431.0,17.63,24.0,12.0,,,97.0
CastillayLeón,2020-03-18,668.0,27.38,43.0,22.0,,,237.0
CastillayLeón,2020-03-19,868.0,35.72,54.0,29.0,,,200.0
CastillayLeón,2020-03-20,1147.0,47.22,69.0,43.0,,,279.0
CastillayLeón,2020-03-21,1466.0,60.51,85.0,55.0,575.0,,319.0
CastillayLeón,2020-03-22,1744.0,71.76,106.0,74.0,709.0,,278.0
CastillayLeón,2020-03-23,2055.0,84.68,120.0,102.0,860.0,117.0,311.0
CastillayLeón,2020-03-24,2460.0,100.19,137.0,124.0,1057.0,140.0,405.0
CastillayLeón,2020-03-25,2940.0,119.4,170.0,165.0,1244.0,213.0,480.0
CastillayLeón,2020-03-26,3488.0,141.33,202.0,206.0,1515.0,308.0,548.0
CastillayLeón,2020-03-27,4132.0,165.16,228.0,252.0,1791.0,423.0,644.0
CastillayLeón,2020-03-28,4791.0,190.37,249.0,321.0,2063.0,585.0,659.0
CastillayLeón,2020-03-29,5414.0,213.46,278.0,380.0,2408.0,752.0,623.0
CastillayLeón,2020-03-30,5801.0,227.83,307.0,442.0,2540.0,871.0,387.0
CastillayLeón,2020-03-31,6211.0,240.88,325.0,516.0,2601.0,1028.0,410.0
CastillayLeón,2020-04-01,6847.0,257.51,345.0,585.0,2692.0,1259.0,636.0
CastillayLeón,2020-04-02,7355.0,270.34,353.0,641.0,2709.0,1498.0,508.0
CastillayLeón,2020-04-03,7875.0,280.39,355.0,723.0,2711.0,1759.0,520.0
CastillayLeón,2020-04-04,8332.0,286.14,348.0,786.0,2664.0,2021.0,457.0
CastillayLeón,2020-04-05,8749.0,291.93,351.0,847.0,2574.0,2331.0,417.0
CastillayLeón,2020-04-06,9116.0,294.26,348.0,919.0,2508.0,2533.0,367.0
CastillayLeón,2020-04-07,9581.0,296.76,346.0,982.0,5180.0,2711.0,465.0
CastillayLeón,2020-04-08,10058.0,296.64,342.0,1028.0,5322.0,2988.0,477.0
CastillayLeón,2020-04-09,10518.0,292.97,338.0,1082.0,5523.0,3242.0,460.0
CastillayLeón,2020-04-10,11102.0,290.47,332.0,1129.0,5674.0,3506.0,584.0
CastillayLeón,2020-04-11,11543.0,281.39,327.0,1180.0,5817.0,3757.0,441.0
CastillayLeón,2020-04-12,12118.0,279.39,323.0,1221.0,5957.0,4010.0,575.0
CastillayLeón,2020-04-13,12628.0,284.51,312.0,1263.0,6077.0,4154.0,510.0
CastillayLeón,2020-04-14,13180.0,290.43,308.0,1299.0,6175.0,4266.0,552.0
CastillayLeón,2020-04-15,13697.0,285.47,306.0,1337.0,6306.0,4521.0,517.0
CastillayLeón,2020-04-16,14380.0,292.76,307.0,1372.0,6449.0,4725.0,683.0
Cataluña,2020-03-02,15.0,,,,,,
Cataluña,2020-03-03,15.0,0.2,,,,,0.0
Cataluña,2020-03-04,15.0,0.2,,,,,0.0
Cataluña,2020-03-05,24.0,0.31,0.0,0.0,,,9.0
Cataluña,2020-03-06,24.0,0.31,0.0,0.0,,,0.0
Cataluña,2020-03-07,,,,,,,
Cataluña,2020-03-08,,,,,,,
Cataluña,2020-03-09,75.0,0.98,0.0,1.0,,,51.0
Cataluña,2020-03-10,124.0,1.62,0.0,3.0,,,49.0
Cataluña,2020-03-11,156.0,2.02,0.0,3.0,,,32.0
Cataluña,2020-03-12,260.0,3.36,0.0,4.0,,,104.0
Cataluña,2020-03-13,316.0,4.08,25.0,4.0,,,56.0
Cataluña,2020-03-14,509.0,6.58,28.0,6.0,,,193.0
Cataluña,2020-03-15,715.0,9.07,30.0,8.0,,,206.0
Cataluña,2020-03-16,903.0,11.57,33.0,12.0,,,188.0
Cataluña,2020-03-17,1394.0,17.97,33.0,18.0,,,491.0
Cataluña,2020-03-18,1866.0,24.12,33.0,41.0,,,472.0
Cataluña,2020-03-19,2702.0,34.89,33.0,55.0,,,836.0
Cataluña,2020-03-20,3270.0,42.29,33.0,82.0,,,568.0
Cataluña,2020-03-21,4203.0,54.45,298.0,122.0,1681.0,,933.0
Cataluña,2020-03-22,4704.0,60.65,298.0,191.0,1681.0,,501.0
Cataluña,2020-03-23,5925.0,76.22,551.0,245.0,1681.0,644.0,1221.0
Cataluña,2020-03-24,7864.0,100.84,551.0,282.0,3599.0,728.0,1939.0
Cataluña,2020-03-25,9937.0,128.54,781.0,516.0,5434.0,1274.0,2073.0
Cataluña,2020-03-26,11592.0,148.92,1021.0,672.0,7439.0,1697.0,1655.0
Cataluña,2020-03-27,12940.0,164.48,1187.0,880.0,8545.0,2348.0,1348.0
Cataluña,2020-03-28,14263.0,179.2,1324.0,1070.0,9900.0,3106.0,1323.0
Cataluña,2020-03-29,15026.0,186.46,1391.0,1226.0,10688.0,3455.0,763.0
Cataluña,2020-03-30,16157.0,198.74,1512.0,1410.0,11769.0,4125.0,1131.0
Cataluña,2020-03-31,18773.0,226.43,1652.0,1672.0,12974.0,4966.0,2616.0
Cataluña,2020-04-01,19991.0,236.15,1769.0,1849.0,13969.0,5701.0,1218.0
Cataluña,2020-04-02,21804.0,248.88,1855.0,2093.0,15489.0,6917.0,1813.0
Cataluña,2020-04-03,23460.0,263.05,2053.0,2335.0,17257.0,7849.0,1656.0
Cataluña,2020-04-04,24734.0,267.5,2108.0,2508.0,17678.0,8635.0,1274.0
Cataluña,2020-04-05,26032.0,277.88,2249.0,2637.0,18656.0,9528.0,1298.0
Cataluña,2020-04-06,26824.0,272.29,2276.0,2760.0,19143.0,10088.0,792.0
Cataluña,2020-04-07,28323.0,266.56,2391.0,2908.0,19745.0,10738.0,1499.0
Cataluña,2020-04-08,29647.0,256.8,2442.0,3041.0,20250.0,12250.0,1324.0
Cataluña,2020-04-09,31043.0,253.43,2507.0,3148.0,20943.0,13063.0,1396.0
Cataluña,2020-04-10,31824.0,246.04,2582.0,3231.0,21530.0,13513.0,781.0
Cataluña,2020-04-11,32984.0,243.91,2629.0,3331.0,21921.0,14258.0,1160.0
Cataluña,2020-04-12,34027.0,247.56,2658.0,3442.0,22369.0,14975.0,1043.0
Cataluña,2020-04-13,34726.0,241.93,2713.0,3538.0,22780.0,15602.0,699.0
Cataluña,2020-04-14,35197.0,213.99,2775.0,3666.0,23126.0,15967.0,471.0
Cataluña,2020-04-15,36505.0,215.16,2789.0,3756.0,23372.0,16651.0,1308.0
Cataluña,2020-04-16,37354.0,202.6,2798.0,3855.0,23680.0,17297.0,849.0
Ceuta,2020-03-02,0.0,,,,,,
Ceuta,2020-03-03,0.0,0.0,,,,,0.0
Ceuta,2020-03-04,0.0,0.0,,,,,0.0
Ceuta,2020-03-05,0.0,0.0,0.0,0.0,,,0.0
Ceuta,2020-03-06,0.0,0.0,0.0,0.0,,,0.0
Ceuta,2020-03-07,,,,,,,
Ceuta,2020-03-08,,,,,,,
Ceuta,2020-03-09,0.0,0.0,0.0,0.0,,,0.0
Ceuta,2020-03-10,0.0,0.0,0.0,0.0,,,0.0
Ceuta,2020-03-11,0.0,0.0,0.0,0.0,,,0.0
Ceuta,2020-03-12,0.0,0.0,0.0,0.0,,,0.0
Ceuta,2020-03-13,0.0,0.0,0.0,0.0,,,0.0
Ceuta,2020-03-14,0.0,0.39,0.0,0.0,,,0.0
Ceuta,2020-03-15,1.0,0.79,0.0,0.0,,,1.0
Ceuta,2020-03-16,1.0,1.18,0.0,0.0,,,0.0
Ceuta,2020-03-17,1.0,1.18,0.0,0.0,,,0.0
Ceuta,2020-03-18,1.0,1.18,0.0,0.0,,,0.0
Ceuta,2020-03-19,1.0,1.18,0.0,0.0,,,0.0
Ceuta,2020-03-20,5.0,5.9,0.0,0.0,,,4.0
Ceuta,2020-03-21,5.0,5.9,0.0,0.0,0.0,,0.0
Ceuta,2020-03-22,5.0,5.9,0.0,0.0,0.0,,0.0
Ceuta,2020-03-23,6.0,7.08,0.0,0.0,0.0,0.0,1.0
Ceuta,2020-03-24,6.0,7.08,0.0,0.0,0.0,0.0,0.0
Ceuta,2020-03-25,9.0,10.66,1.0,0.0,2.0,0.0,3.0
Ceuta,2020-03-26,10.0,11.84,2.0,0.0,2.0,0.0,1.0
Ceuta,2020-03-27,17.0,20.05,2.0,0.0,2.0,0.0,7.0
Ceuta,2020-03-28,17.0,20.05,2.0,1.0,2.0,0.0,0.0
Ceuta,2020-03-29,21.0,23.59,2.0,1.0,2.0,0.0,4.0
Ceuta,2020-03-30,25.0,28.31,2.0,1.0,2.0,0.0,4.0
Ceuta,2020-03-31,34.0,38.93,3.0,1.0,3.0,0.0,9.0
Ceuta,2020-04-01,51.0,58.98,3.0,1.0,6.0,0.0,17.0
Ceuta,2020-04-02,55.0,63.7,3.0,1.0,7.0,0.0,4.0
Ceuta,2020-04-03,62.0,67.24,3.0,1.0,8.0,2.0,7.0
Ceuta,2020-04-04,73.0,80.21,4.0,1.0,8.0,2.0,11.0
Ceuta,2020-04-05,83.0,92.01,4.0,2.0,9.0,2.0,10.0
Ceuta,2020-04-06,83.0,90.83,4.0,3.0,9.0,2.0,0.0
Ceuta,2020-04-07,83.0,90.83,4.0,4.0,9.0,2.0,0.0
Ceuta,2020-04-08,84.0,88.47,4.0,4.0,9.0,7.0,1.0
Ceuta,2020-04-09,84.0,87.29,4.0,4.0,9.0,7.0,0.0
Ceuta,2020-04-10,91.0,87.29,4.0,4.0,9.0,12.0,7.0
Ceuta,2020-04-11,93.0,89.65,4.0,4.0,9.0,17.0,2.0
Ceuta,2020-04-12,93.0,84.93,4.0,4.0,9.0,17.0,0.0
Ceuta,2020-04-13,95.0,82.57,4.0,4.0,9.0,20.0,2.0
Ceuta,2020-04-14,96.0,73.13,4.0,4.0,9.0,22.0,1.0
Ceuta,2020-04-15,98.0,55.44,4.0,4.0,9.0,30.0,2.0
Ceuta,2020-04-16,100.0,53.08,4.0,4.0,9.0,41.0,2.0
Extremadura,2020-03-02,6.0,,,,,,
Extremadura,2020-03-03,6.0,0.56,,,,,0.0
Extremadura,2020-03-04,6.0,0.56,,,,,0.0
Extremadura,2020-03-05,6.0,0.56,0.0,0.0,,,0.0
Extremadura,2020-03-06,6.0,0.56,0.0,0.0,,,0.0
Extremadura,2020-03-07,,,,,,,
Extremadura,2020-03-08,,,,,,,
Extremadura,2020-03-09,7.0,0.66,0.0,0.0,,,1.0
Extremadura,2020-03-10,8.0,0.75,0.0,0.0,,,1.0
Extremadura,2020-03-11,9.0,0.84,1.0,0.0,,,1.0
Extremadura,2020-03-12,19.0,1.78,1.0,1.0,,,10.0
Extremadura,2020-03-13,39.0,3.65,1.0,1.0,,,20.0
Extremadura,2020-03-14,66.0,5.71,1.0,2.0,,,27.0
Extremadura,2020-03-15,95.0,7.77,1.0,2.0,,,29.0
Extremadura,2020-03-16,111.0,9.83,1.0,2.0,,,16.0
Extremadura,2020-03-17,153.0,13.77,2.0,3.0,,,42.0
Extremadura,2020-03-18,194.0,17.61,3.0,6.0,,,41.0
Extremadura,2020-03-19,241.0,22.01,3.0,8.0,,,47.0
Extremadura,2020-03-20,297.0,27.25,4.0,10.0,,,56.0
Extremadura,2020-03-21,354.0,32.59,6.0,12.0,65.0,,57.0
Extremadura,2020-03-22,384.0,35.4,8.0,14.0,87.0,,30.0
Extremadura,2020-03-23,493.0,45.52,13.0,18.0,131.0,6.0,109.0
Extremadura,2020-03-24,636.0,58.82,20.0,26.0,161.0,8.0,143.0
Extremadura,2020-03-25,742.0,68.97,28.0,39.0,209.0,8.0,106.0
Extremadura,2020-03-26,969.0,89.39,34.0,58.0,241.0,24.0,227.0
Extremadura,2020-03-27,1231.0,111.64,41.0,69.0,277.0,33.0,262.0
Extremadura,2020-03-28,1394.0,124.38,40.0,88.0,312.0,49.0,163.0
Extremadura,2020-03-29,1456.0,127.47,41.0,100.0,313.0,51.0,62.0
Extremadura,2020-03-30,1560.0,135.71,43.0,106.0,353.0,60.0,104.0
Extremadura,2020-03-31,1628.0,138.15,51.0,133.0,371.0,91.0,68.0
Extremadura,2020-04-01,1679.0,139.08,58.0,152.0,372.0,113.0,51.0
Extremadura,2020-04-02,1837.0,149.48,62.0,181.0,412.0,139.0,158.0
Extremadura,2020-04-03,1893.0,149.48,64.0,200.0,415.0,164.0,56.0
Extremadura,2020-04-04,1979.0,152.19,64.0,208.0,453.0,205.0,86.0
Extremadura,2020-04-05,2047.0,155.75,66.0,218.0,417.0,215.0,68.0
Extremadura,2020-04-06,2068.0,147.51,66.0,228.0,453.0,223.0,21.0
Extremadura,2020-04-07,2116.0,138.61,70.0,258.0,686.0,282.0,48.0
Extremadura,2020-04-08,2184.0,135.06,98.0,271.0,898.0,328.0,68.0
Extremadura,2020-04-09,2273.0,122.13,99.0,283.0,958.0,381.0,89.0
Extremadura,2020-04-10,2332.0,103.12,101.0,288.0,1003.0,397.0,59.0
Extremadura,2020-04-11,2486.0,102.27,104.0,303.0,1052.0,462.0,154.0
Extremadura,2020-04-12,2580.0,105.27,106.0,312.0,1074.0,481.0,94.0
Extremadura,2020-04-13,2658.0,102.84,108.0,321.0,1096.0,511.0,78.0
Extremadura,2020-04-14,2684.0,98.9,108.0,334.0,1114.0,578.0,26.0
Extremadura,2020-04-15,2762.0,101.43,109.0,342.0,1155.0,615.0,78.0
Extremadura,2020-04-16,2881.0,97.78,110.0,359.0,1186.0,649.0,119.0
Galicia,2020-03-02,0.0,,,,,,
Galicia,2020-03-03,0.0,0.0,,,,,0.0
Galicia,2020-03-04,1.0,0.04,,,,,1.0
Galicia,2020-03-05,1.0,0.04,0.0,0.0,,,0.0
Galicia,2020-03-06,3.0,0.11,0.0,0.0,,,2.0
Galicia,2020-03-07,,,,,,,
Galicia,2020-03-08,,,,,,,
Galicia,2020-03-09,6.0,0.22,0.0,0.0,,,3.0
Galicia,2020-03-10,22.0,0.81,2.0,0.0,,,16.0
Galicia,2020-03-11,39.0,1.44,2.0,0.0,,,17.0
Galicia,2020-03-12,35.0,1.3,2.0,0.0,,,-4.0
Galicia,2020-03-13,85.0,3.15,2.0,0.0,,,50.0
Galicia,2020-03-14,115.0,5.13,4.0,0.0,,,30.0
Galicia,2020-03-15,195.0,7.1,7.0,2.0,,,80.0
Galicia,2020-03-16,245.0,9.08,9.0,2.0,,,50.0
Galicia,2020-03-17,292.0,10.82,9.0,3.0,,,47.0
Galicia,2020-03-18,341.0,12.59,12.0,3.0,,,49.0
Galicia,2020-03-19,453.0,16.74,15.0,4.0,,,112.0
Galicia,2020-03-20,578.0,21.3,19.0,5.0,,,125.0
Galicia,2020-03-21,739.0,27.26,29.0,9.0,168.0,,161.0
Galicia,2020-03-22,915.0,33.71,35.0,12.0,227.0,,176.0
Galicia,2020-03-23,1208.0,44.53,47.0,18.0,270.0,19.0,293.0
Galicia,2020-03-24,1415.0,51.6,55.0,20.0,338.0,19.0,207.0
Galicia,2020-03-25,1653.0,59.95,69.0,27.0,412.0,25.0,238.0
Galicia,2020-03-26,1915.0,69.66,86.0,32.0,503.0,47.0,262.0
Galicia,2020-03-27,2322.0,82.87,98.0,43.0,557.0,67.0,407.0
Galicia,2020-03-28,2772.0,98.43,112.0,47.0,906.0,95.0,450.0
Galicia,2020-03-29,3139.0,109.06,123.0,60.0,1043.0,153.0,367.0
Galicia,2020-03-30,3723.0,128.84,134.0,66.0,1147.0,168.0,584.0
Galicia,2020-03-31,4039.0,138.8,149.0,84.0,1250.0,187.0,316.0
Galicia,2020-04-01,4432.0,151.55,158.0,103.0,1338.0,259.0,393.0
Galicia,2020-04-02,4842.0,162.59,165.0,120.0,1447.0,333.0,410.0
Galicia,2020-04-03,5219.0,171.92,178.0,138.0,1630.0,435.0,377.0
Galicia,2020-04-04,5625.0,181.0,178.0,159.0,1767.0,531.0,406.0
Galicia,2020-04-05,5944.0,186.29,170.0,174.0,1831.0,587.0,319.0
Galicia,2020-04-06,6151.0,183.11,170.0,190.0,1916.0,610.0,207.0
Galicia,2020-04-07,6331.0,182.11,162.0,204.0,1968.0,688.0,180.0
Galicia,2020-04-08,6538.0,180.96,158.0,213.0,2014.0,800.0,207.0
Galicia,2020-04-09,6758.0,179.4,155.0,231.0,2094.0,910.0,220.0
Galicia,2020-04-10,6946.0,171.29,151.0,243.0,2165.0,997.0,188.0
Galicia,2020-04-11,7176.0,163.14,144.0,261.0,2215.0,1082.0,230.0
Galicia,2020-04-12,7336.0,155.47,140.0,274.0,2306.0,1143.0,160.0
Galicia,2020-04-13,7494.0,139.69,136.0,284.0,2344.0,1186.0,158.0
Galicia,2020-04-14,7597.0,131.8,133.0,290.0,2403.0,1240.0,103.0
Galicia,2020-04-15,7708.0,121.36,128.0,299.0,2471.0,1298.0,111.0
Galicia,2020-04-16,7873.0,112.28,123.0,310.0,2494.0,1383.0,165.0
LaRioja,2020-03-02,1.0,,,,,,
LaRioja,2020-03-03,3.0,0.95,,,,,2.0
LaRioja,2020-03-04,7.0,2.21,,,,,4.0
LaRioja,2020-03-05,11.0,3.47,0.0,0.0,,,4.0
LaRioja,2020-03-06,29.0,9.15,0.0,0.0,,,18.0
LaRioja,2020-03-07,,,,,,,
LaRioja,2020-03-08,,,,,,,
LaRioja,2020-03-09,81.0,25.57,1.0,0.0,,,52.0
LaRioja,2020-03-10,144.0,45.45,1.0,1.0,,,63.0
LaRioja,2020-03-11,179.0,56.5,1.0,2.0,,,35.0
LaRioja,2020-03-12,205.0,64.71,1.0,2.0,,,26.0
LaRioja,2020-03-13,243.0,76.71,2.0,2.0,,,38.0
LaRioja,2020-03-14,278.0,83.86,6.0,3.0,,,35.0
LaRioja,2020-03-15,300.0,91.02,9.0,3.0,,,22.0
LaRioja,2020-03-16,312.0,98.17,13.0,4.0,,,12.0
LaRioja,2020-03-17,355.0,111.11,13.0,5.0,,,43.0
LaRioja,2020-03-18,419.0,130.05,13.0,5.0,,,64.0
LaRioja,2020-03-19,468.0,144.26,15.0,5.0,,,49.0
LaRioja,2020-03-20,497.0,147.73,15.0,7.0,,,29.0
LaRioja,2020-03-21,564.0,165.72,17.0,15.0,128.0,,67.0
LaRioja,2020-03-22,654.0,189.08,17.0,18.0,134.0,,90.0
LaRioja,2020-03-23,747.0,210.23,22.0,22.0,166.0,18.0,93.0
LaRioja,2020-03-24,802.0,207.7,24.0,30.0,206.0,24.0,55.0
LaRioja,2020-03-25,928.0,238.17,33.0,37.0,254.0,43.0,126.0
LaRioja,2020-03-26,995.0,251.2,36.0,43.0,316.0,48.0,67.0
LaRioja,2020-03-27,1236.0,313.45,43.0,55.0,388.0,62.0,241.0
LaRioja,2020-03-28,1436.0,365.53,43.0,65.0,458.0,364.0,200.0
LaRioja,2020-03-29,1629.0,419.51,43.0,68.0,497.0,397.0,193.0
LaRioja,2020-03-30,1733.0,448.55,43.0,71.0,517.0,431.0,104.0
LaRioja,2020-03-31,1810.0,459.28,51.0,85.0,575.0,496.0,77.0
LaRioja,2020-04-01,1960.0,486.43,54.0,90.0,619.0,569.0,150.0
LaRioja,2020-04-02,2083.0,509.79,57.0,101.0,660.0,641.0,123.0
LaRioja,2020-04-03,2224.0,545.14,64.0,109.0,738.0,745.0,141.0
LaRioja,2020-04-04,2405.0,581.13,64.0,128.0,805.0,843.0,181.0
LaRioja,2020-04-05,2592.0,611.75,66.0,134.0,855.0,904.0,187.0
LaRioja,2020-04-06,2719.0,622.48,66.0,141.0,888.0,964.0,127.0
LaRioja,2020-04-07,2846.0,645.21,66.0,160.0,918.0,994.0,127.0
LaRioja,2020-04-08,2951.0,638.58,68.0,177.0,955.0,1061.0,105.0
LaRioja,2020-04-09,3026.0,641.1,69.0,182.0,997.0,1172.0,75.0
LaRioja,2020-04-10,3076.0,580.81,71.0,196.0,1047.0,1256.0,50.0
LaRioja,2020-04-11,3223.0,564.08,73.0,207.0,1082.0,1337.0,147.0
LaRioja,2020-04-12,3279.0,520.84,73.0,219.0,1122.0,1420.0,56.0
LaRioja,2020-04-13,3358.0,512.95,73.0,223.0,1141.0,1458.0,79.0
LaRioja,2020-04-14,3420.0,508.21,74.0,234.0,1152.0,1519.0,62.0
LaRioja,2020-04-15,3457.0,472.54,75.0,246.0,1182.0,1585.0,37.0
LaRioja,2020-04-16,3916.0,578.6,75.0,257.0,1207.0,1654.0,459.0
Madrid,2020-03-02,29.0,,,,,,
Madrid,2020-03-03,49.0,0.74,,,,,20.0
Madrid,2020-03-04,70.0,1.05,2.0,,,,21.0
Madrid,2020-03-05,90.0,1.35,2.0,1.0,,,20.0
Madrid,2020-03-06,137.0,2.06,2.0,2.0,,,47.0
Madrid,2020-03-07,,,,,,,
Madrid,2020-03-08,,,,,,,
Madrid,2020-03-09,469.0,7.04,53.0,8.0,,,332.0
Madrid,2020-03-10,782.0,11.74,77.0,21.0,,,313.0
Madrid,2020-03-11,1024.0,15.34,102.0,31.0,,,242.0
Madrid,2020-03-12,1388.0,20.77,135.0,56.0,,,364.0
Madrid,2020-03-13,1990.0,29.79,180.0,81.0,,,602.0
Madrid,2020-03-14,2940.0,40.55,204.0,86.0,,,950.0
Madrid,2020-03-15,3544.0,51.31,229.0,213.0,,,604.0
Madrid,2020-03-16,4165.0,62.07,253.0,213.0,,,621.0
Madrid,2020-03-17,4871.0,72.37,340.0,355.0,,,706.0
Madrid,2020-03-18,5637.0,83.55,491.0,390.0,,,766.0
Madrid,2020-03-19,6777.0,100.35,590.0,498.0,,,1140.0
Madrid,2020-03-20,7165.0,105.47,678.0,628.0,,,388.0
Madrid,2020-03-21,8921.0,131.82,767.0,804.0,7388.0,,1756.0
Madrid,2020-03-22,9702.0,142.98,834.0,1021.0,8441.0,,781.0
Madrid,2020-03-23,10575.0,151.66,942.0,1263.0,9561.0,2063.0,873.0
Madrid,2020-03-24,12352.0,173.64,1050.0,1535.0,10443.0,2291.0,1777.0
Madrid,2020-03-25,14597.0,203.02,1150.0,1825.0,11153.0,3031.0,2245.0
Madrid,2020-03-26,17166.0,236.0,1221.0,2090.0,12440.0,3882.0,2569.0
Madrid,2020-03-27,19243.0,258.92,1312.0,2412.0,13580.0,5044.0,2077.0
Madrid,2020-03-28,21520.0,278.84,1404.0,2757.0,14211.0,6326.0,2277.0
Madrid,2020-03-29,22677.0,287.14,1429.0,3082.0,14454.0,7491.0,1157.0
Madrid,2020-03-30,24090.0,299.02,1460.0,3392.0,14917.0,8301.0,1413.0
Madrid,2020-03-31,27509.0,339.74,1514.0,3603.0,15140.0,9330.0,3419.0
Madrid,2020-04-01,29840.0,363.22,1514.0,3865.0,15227.0,10827.0,2331.0
Madrid,2020-04-02,32155.0,380.86,1528.0,4175.0,15227.0,12400.0,2315.0
Madrid,2020-04-03,34188.0,405.54,1506.0,4483.0,15050.0,13850.0,2033.0
Madrid,2020-04-04,36249.0,410.12,1498.0,4723.0,14741.0,15362.0,2061.0
Madrid,2020-04-05,37584.0,418.44,1499.0,4941.0,14551.0,16543.0,1335.0
Madrid,2020-04-06,38723.0,422.43,1510.0,5136.0,14501.0,17322.0,1139.0
Madrid,2020-04-07,40469.0,421.96,1494.0,5371.0,13950.0,18410.0,1746.0
Madrid,2020-04-08,42450.0,418.0,1450.0,5586.0,13289.0,19836.0,1981.0
Madrid,2020-04-09,43877.0,400.86,1433.0,5800.0,12853.0,21121.0,1427.0
Madrid,2020-04-10,44783.0,383.29,1399.0,5972.0,12432.0,22414.0,906.0
Madrid,2020-04-11,45849.0,365.11,1376.0,6084.0,11894.0,23663.0,1066.0
Madrid,2020-04-12,46587.0,358.83,1332.0,6278.0,11424.0,24683.0,738.0
Madrid,2020-04-13,47146.0,346.01,1327.0,6423.0,11233.0,25385.0,559.0
Madrid,2020-04-14,48048.0,308.24,1299.0,6568.0,10753.0,26247.0,902.0
Madrid,2020-04-15,49526.0,295.44,1244.0,6724.0,10116.0,27433.0,1478.0
Madrid,2020-04-16,50694.0,278.22,1206.0,6877.0,9653.0,28491.0,1168.0
Melilla,2020-03-02,0.0,,,,,,
Melilla,2020-03-03,0.0,0.0,,,,,0.0
Melilla,2020-03-04,0.0,0.0,,,,,0.0
Melilla,2020-03-05,0.0,0.0,0.0,0.0,,,0.0
Melilla,2020-03-06,0.0,0.0,0.0,0.0,,,0.0
Melilla,2020-03-07,,,,,,,
Melilla,2020-03-08,,,,,,,
Melilla,2020-03-09,0.0,0.0,0.0,0.0,,,0.0
Melilla,2020-03-10,0.0,0.0,0.0,0.0,,,0.0
Melilla,2020-03-11,0.0,0.0,0.0,0.0,,,0.0
Melilla,2020-03-12,0.0,0.0,0.0,0.0,,,0.0
Melilla,2020-03-13,2.0,2.31,0.0,0.0,,,2.0
Melilla,2020-03-14,3.0,4.62,0.0,0.0,,,1.0
Melilla,2020-03-15,8.0,6.94,0.0,0.0,,,5.0
Melilla,2020-03-16,8.0,9.25,0.0,0.0,,,0.0
Melilla,2020-03-17,17.0,19.66,0.0,0.0,,,9.0
Melilla,2020-03-18,20.0,23.12,0.0,0.0,,,3.0
Melilla,2020-03-19,23.0,26.59,0.0,0.0,,,3.0
Melilla,2020-03-20,24.0,27.75,1.0,0.0,,,1.0
Melilla,2020-03-21,25.0,28.91,1.0,0.0,8.0,,1.0
Melilla,2020-03-22,25.0,28.91,1.0,0.0,12.0,,0.0
Melilla,2020-03-23,28.0,32.37,1.0,0.0,12.0,0.0,3.0
Melilla,2020-03-24,28.0,32.37,1.0,0.0,12.0,0.0,0.0
Melilla,2020-03-25,38.0,45.08,2.0,0.0,14.0,0.0,10.0
Melilla,2020-03-26,39.0,46.27,2.0,1.0,16.0,0.0,1.0
Melilla,2020-03-27,42.0,46.25,2.0,1.0,18.0,0.0,3.0
Melilla,2020-03-28,45.0,48.56,2.0,1.0,22.0,0.0,3.0
Melilla,2020-03-29,48.0,46.25,2.0,1.0,24.0,0.0,3.0
Melilla,2020-03-30,51.0,49.72,3.0,1.0,27.0,0.0,3.0
Melilla,2020-03-31,54.0,42.78,3.0,1.0,27.0,0.0,3.0
Melilla,2020-04-01,62.0,48.56,3.0,1.0,32.0,0.0,8.0
Melilla,2020-04-02,62.0,45.09,3.0,1.0,32.0,0.0,0.0
Melilla,2020-04-03,70.0,53.19,3.0,2.0,34.0,4.0,8.0
Melilla,2020-04-04,79.0,62.44,3.0,2.0,37.0,9.0,9.0
Melilla,2020-04-05,83.0,67.06,3.0,2.0,38.0,11.0,4.0
Melilla,2020-04-06,86.0,67.06,3.0,2.0,38.0,11.0,3.0
Melilla,2020-04-07,92.0,74.0,3.0,2.0,40.0,11.0,6.0
Melilla,2020-04-08,93.0,63.59,3.0,2.0,40.0,12.0,1.0
Melilla,2020-04-09,93.0,62.44,3.0,2.0,40.0,16.0,0.0
Melilla,2020-04-10,95.0,61.28,3.0,2.0,41.0,17.0,2.0
Melilla,2020-04-11,98.0,61.28,3.0,2.0,43.0,18.0,3.0
Melilla,2020-04-12,98.0,57.81,3.0,2.0,43.0,18.0,0.0
Melilla,2020-04-13,101.0,57.81,3.0,2.0,43.0,18.0,3.0
Melilla,2020-04-14,101.0,54.34,3.0,2.0,43.0,18.0,0.0
Melilla,2020-04-15,102.0,46.25,3.0,2.0,43.0,24.0,1.0
Melilla,2020-04-16,103.0,47.41,3.0,2.0,43.0,27.0,1.0
Murcia,2020-03-02,0.0,,,,,,
Murcia,2020-03-03,0.0,0.0,,,,,0.0
Murcia,2020-03-04,0.0,0.0,,,,,0.0
Murcia,2020-03-05,0.0,0.0,0.0,0.0,,,0.0
Murcia,2020-03-06,0.0,0.0,0.0,0.0,,,0.0
Murcia,2020-03-07,,,,,,,
Murcia,2020-03-08,,,,,,,
Murcia,2020-03-09,4.0,0.27,0.0,0.0,,,4.0
Murcia,2020-03-10,9.0,0.6,0.0,0.0,,,5.0
Murcia,2020-03-11,11.0,0.74,0.0,0.0,,,2.0
Murcia,2020-03-12,26.0,1.74,1.0,0.0,,,15.0
Murcia,2020-03-13,35.0,2.34,1.0,0.0,,,9.0
Murcia,2020-03-14,47.0,3.28,1.0,0.0,,,12.0
Murcia,2020-03-15,71.0,4.21,2.0,0.0,,,24.0
Murcia,2020-03-16,77.0,5.15,2.0,0.0,,,6.0
Murcia,2020-03-17,97.0,6.49,3.0,0.0,,,20.0
Murcia,2020-03-18,122.0,8.17,4.0,0.0,,,25.0
Murcia,2020-03-19,167.0,11.18,6.0,0.0,,,45.0
Murcia,2020-03-20,204.0,13.66,11.0,0.0,,,37.0
Murcia,2020-03-21,240.0,16.07,14.0,1.0,61.0,,36.0
Murcia,2020-03-22,296.0,19.75,16.0,1.0,78.0,,56.0
Murcia,2020-03-23,345.0,22.83,23.0,2.0,80.0,1.0,49.0
Murcia,2020-03-24,385.0,25.17,26.0,3.0,99.0,1.0,40.0
Murcia,2020-03-25,477.0,31.18,33.0,5.0,127.0,4.0,92.0
Murcia,2020-03-26,596.0,38.14,36.0,8.0,172.0,9.0,119.0
Murcia,2020-03-27,714.0,45.45,53.0,15.0,209.0,12.0,118.0
Murcia,2020-03-28,802.0,50.54,58.0,17.0,231.0,12.0,88.0
Murcia,2020-03-29,872.0,53.62,58.0,20.0,260.0,16.0,70.0
Murcia,2020-03-30,939.0,57.7,58.0,25.0,265.0,17.0,67.0
Murcia,2020-03-31,974.0,58.71,59.0,34.0,283.0,20.0,35.0
Murcia,2020-04-01,1041.0,61.52,59.0,37.0,304.0,43.0,67.0
Murcia,2020-04-02,1084.0,61.38,68.0,42.0,389.0,45.0,43.0
Murcia,2020-04-03,1145.0,62.99,72.0,46.0,405.0,90.0,61.0
Murcia,2020-04-04,1188.0,63.46,79.0,51.0,434.0,113.0,43.0
Murcia,2020-04-05,1235.0,62.86,80.0,59.0,447.0,130.0,47.0
Murcia,2020-04-06,1259.0,61.18,81.0,68.0,468.0,156.0,24.0
Murcia,2020-04-07,1283.0,60.11,84.0,78.0,500.0,193.0,24.0
Murcia,2020-04-08,1326.0,56.83,86.0,85.0,515.0,203.0,43.0
Murcia,2020-04-09,1356.0,50.87,87.0,88.0,533.0,219.0,30.0
Murcia,2020-04-10,1383.0,44.78,88.0,90.0,533.0,255.0,27.0
Murcia,2020-04-11,1413.0,40.9,88.0,94.0,533.0,275.0,30.0
Murcia,2020-04-12,1449.0,38.62,91.0,97.0,537.0,344.0,36.0
Murcia,2020-04-13,1463.0,35.08,94.0,101.0,543.0,353.0,14.0
Murcia,2020-04-14,1487.0,34.34,96.0,106.0,566.0,476.0,24.0
Murcia,2020-04-15,1520.0,32.06,97.0,109.0,574.0,513.0,33.0
Murcia,2020-04-16,1598.0,34.41,97.0,111.0,575.0,516.0,78.0
Navarra,2020-03-02,1.0,,,,,,
Navarra,2020-03-03,1.0,0.15,,,,,0.0
Navarra,2020-03-04,3.0,0.46,1.0,,,,2.0
Navarra,2020-03-05,3.0,0.46,1.0,0.0,,,0.0
Navarra,2020-03-06,3.0,0.46,1.0,0.0,,,0.0
Navarra,2020-03-07,,,,,,,
Navarra,2020-03-08,,,,,,,
Navarra,2020-03-09,3.0,0.46,1.0,0.0,,,0.0
Navarra,2020-03-10,12.0,1.83,2.0,0.0,,,9.0
Navarra,2020-03-11,46.0,7.03,3.0,0.0,,,34.0
Navarra,2020-03-12,73.0,11.16,3.0,0.0,,,27.0
Navarra,2020-03-13,130.0,19.87,4.0,0.0,,,57.0
Navarra,2020-03-14,146.0,27.16,4.0,0.0,,,16.0
Navarra,2020-03-15,183.0,34.44,5.0,0.0,,,37.0
Navarra,2020-03-16,274.0,41.73,5.0,1.0,,,91.0
Navarra,2020-03-17,313.0,47.69,10.0,2.0,,,39.0
Navarra,2020-03-18,386.0,58.54,10.0,3.0,,,73.0
Navarra,2020-03-19,482.0,73.22,11.0,4.0,,,96.0
Navarra,2020-03-20,554.0,84.22,19.0,5.0,,,72.0
Navarra,2020-03-21,664.0,101.04,25.0,9.0,222.0,,110.0
Navarra,2020-03-22,794.0,120.91,30.0,14.0,288.0,,130.0
Navarra,2020-03-23,886.0,134.97,40.0,24.0,339.0,7.0,92.0
Navarra,2020-03-24,1014.0,153.16,45.0,31.0,405.0,11.0,128.0
Navarra,2020-03-25,1197.0,176.39,51.0,33.0,506.0,23.0,183.0
Navarra,2020-03-26,1411.0,205.05,54.0,49.0,649.0,35.0,214.0
Navarra,2020-03-27,1641.0,230.96,75.0,58.0,732.0,70.0,230.0
Navarra,2020-03-28,1829.0,257.26,84.0,70.0,827.0,98.0,188.0
Navarra,2020-03-29,2011.0,279.42,90.0,84.0,896.0,125.0,182.0
Navarra,2020-03-30,2146.0,286.14,96.0,102.0,955.0,161.0,135.0
Navarra,2020-03-31,2305.0,304.49,99.0,113.0,1035.0,192.0,159.0
Navarra,2020-04-01,2497.0,322.68,104.0,130.0,1120.0,236.0,192.0
Navarra,2020-04-02,2682.0,336.28,108.0,141.0,1181.0,278.0,185.0
Navarra,2020-04-03,2836.0,348.82,119.0,151.0,1284.0,294.0,154.0
Navarra,2020-04-04,2972.0,352.79,120.0,171.0,1341.0,311.0,136.0
Navarra,2020-04-05,3073.0,348.36,123.0,178.0,1399.0,334.0,101.0
Navarra,2020-04-06,3231.0,358.45,124.0,187.0,1432.0,380.0,158.0
Navarra,2020-04-07,3355.0,357.83,124.0,202.0,1488.0,421.0,124.0
Navarra,2020-04-08,3467.0,346.98,124.0,206.0,1526.0,450.0,112.0
Navarra,2020-04-09,3575.0,330.78,124.0,214.0,1526.0,462.0,108.0
Navarra,2020-04-10,3748.0,322.07,124.0,218.0,1620.0,560.0,173.0
Navarra,2020-04-11,3817.0,303.88,124.0,227.0,1641.0,603.0,69.0
Navarra,2020-04-12,3969.0,299.29,124.0,232.0,1663.0,650.0,152.0
Navarra,2020-04-13,4092.0,297.46,124.0,239.0,1693.0,695.0,123.0
Navarra,2020-04-14,4150.0,282.02,124.0,249.0,1705.0,730.0,58.0
Navarra,2020-04-15,4246.0,267.34,124.0,252.0,1731.0,808.0,96.0
Navarra,2020-04-16,4348.0,254.66,124.0,261.0,1752.0,845.0,102.0
PaísVasco,2020-03-02,9.0,,,,,,
PaísVasco,2020-03-03,13.0,0.59,,,,,4.0
PaísVasco,2020-03-04,17.0,0.77,,,,,4.0
PaísVasco,2020-03-05,17.0,0.77,0.0,1.0,,,0.0
PaísVasco,2020-03-06,45.0,2.04,1.0,1.0,,,28.0
PaísVasco,2020-03-07,,,,,,,
PaísVasco,2020-03-08,,,,,,,
PaísVasco,2020-03-09,149.0,6.75,5.0,5.0,,,104.0
PaísVasco,2020-03-10,195.0,8.83,5.0,6.0,,,46.0
PaísVasco,2020-03-11,225.0,10.19,15.0,6.0,,,30.0
PaísVasco,2020-03-12,346.0,15.67,18.0,11.0,,,121.0
PaísVasco,2020-03-13,417.0,18.89,20.0,14.0,,,71.0
PaísVasco,2020-03-14,417.0,21.97,23.0,14.0,,,0.0
PaísVasco,2020-03-15,630.0,25.05,26.0,23.0,,,213.0
PaísVasco,2020-03-16,630.0,28.13,29.0,23.0,,,0.0
PaísVasco,2020-03-17,765.0,34.06,33.0,36.0,,,135.0
PaísVasco,2020-03-18,973.0,43.3,37.0,40.0,,,208.0
PaísVasco,2020-03-19,1190.0,53.13,44.0,53.0,,,217.0
PaísVasco,2020-03-20,1465.0,64.32,53.0,71.0,,,275.0
PaísVasco,2020-03-21,1725.0,76.09,71.0,85.0,654.0,,260.0
PaísVasco,2020-03-22,2097.0,91.81,81.0,97.0,988.0,,372.0
PaísVasco,2020-03-23,2421.0,102.91,92.0,120.0,1252.0,283.0,324.0
PaísVasco,2020-03-24,2728.0,114.73,106.0,133.0,1425.0,344.0,307.0
PaísVasco,2020-03-25,3271.0,139.6,119.0,155.0,1577.0,466.0,543.0
PaísVasco,2020-03-26,3946.0,164.99,137.0,180.0,1907.0,621.0,675.0
PaísVasco,2020-03-27,4601.0,189.51,154.0,207.0,2270.0,814.0,655.0
PaísVasco,2020-03-28,5136.0,209.03,176.0,221.0,2612.0,1023.0,535.0
PaísVasco,2020-03-29,5740.0,231.45,271.0,265.0,3106.0,1503.0,604.0
PaísVasco,2020-03-30,6057.0,245.81,293.0,297.0,3427.0,1646.0,317.0
PaísVasco,2020-03-31,6320.0,251.61,307.0,325.0,3594.0,1796.0,263.0
PaísVasco,2020-04-01,6838.0,265.65,324.0,369.0,3806.0,2165.0,518.0
PaísVasco,2020-04-02,7317.0,277.52,344.0,412.0,4087.0,2490.0,479.0
PaísVasco,2020-04-03,7827.0,288.16,363.0,444.0,4283.0,2809.0,510.0
PaísVasco,2020-04-04,8187.0,292.69,377.0,477.0,4522.0,3098.0,360.0
PaísVasco,2020-04-05,8628.0,295.82,404.0,515.0,4666.0,3405.0,441.0
PaísVasco,2020-04-06,8810.0,289.39,410.0,548.0,4794.0,3568.0,182.0
PaísVasco,2020-04-07,9021.0,285.04,417.0,586.0,4856.0,3728.0,211.0
PaísVasco,2020-04-08,9452.0,279.96,430.0,635.0,4982.0,4151.0,431.0
PaísVasco,2020-04-09,9806.0,265.43,433.0,689.0,5130.0,4514.0,354.0
PaísVasco,2020-04-10,10103.0,249.21,442.0,729.0,5290.0,4680.0,297.0
PaísVasco,2020-04-11,10515.0,243.64,453.0,765.0,5402.0,4741.0,412.0
PaísVasco,2020-04-12,10772.0,227.92,459.0,804.0,5547.0,4867.0,257.0
PaísVasco,2020-04-13,11018.0,224.71,464.0,831.0,5622.0,5026.0,246.0
PaísVasco,2020-04-14,11226.0,222.21,470.0,859.0,5679.0,5193.0,208.0
PaísVasco,2020-04-15,11475.0,210.03,471.0,902.0,5750.0,5428.0,249.0
PaísVasco,2020-04-16,11790.0,202.6,478.0,956.0,5863.0,5813.0,315.0
